generation,population_adults,population_next,grazers,hunters,scavengers,mixed,inactive,mean_mass,mean_metabolic_pace,mean_mobility,mean_diet,mean_armor,genetic_variance,plant_intake,scavenged_intake,hunted_intake,kills_cohort,kills_total,energy_error
1,16,13,16,0,0,0,0,0.920903837288918,0.7803739061895171,0.4593980367019065,0.020871524157233785,0.11415709272337011,0.005297860590277,146.91733187940406,0.0,0.0,0,0,5.6843418860808e-14
1000,16,16,16,0,0,0,0,0.65,0.7960771069517717,0.9932430183939836,0.03446353754143393,0.206335070889599,0.001050043808235,184.58283333197787,0.0,0.0,0,0,4.74240096082212e-8
2000,16,16,16,0,0,0,0,0.7188724001859187,0.9907409353958167,0.9031519506560416,0.005824121514253,0.401302121339041,0.000557160680435,149.28823141759094,0.0,0.0,0,0,-2.22370090341428e-7
3000,16,16,16,0,0,0,0,0.7297031857939452,0.8753847015720723,0.7221109570619233,0.028028114345869106,0.2742229428199226,0.001204299280926,163.41136396782275,0.0,0.0,0,0,2.40040208154824e-7
4000,16,16,16,0,0,0,0,0.7109328687935755,0.948349240530445,0.750679749838393,0.027030737077365984,0.07427538299107708,0.001993739831581,190.57352636916647,0.0,0.0,0,0,6.15232920608833e-7
5000,16,16,16,0,0,0,0,0.673146227100979,0.93871470973301427,0.840922994166111,0.020962050862127004,0.27940817223834262,0.000913523184539,238.07724297160632,0.0,0.0,0,0,5.57992734684376e-7
6000,16,16,16,0,0,0,0,0.6596737603239593,0.9931165506546929,0.7704990841031531,0.008325499985519,0.4345052445346979,0.000791107731676,261.5005232387895,0.0,0.0,0,0,3.1514759939455e-6
7000,16,16,16,0,0,0,0,0.7205637672686781,0.879087430419907,0.932115761535296,0.028238866228722,0.361910333245951,0.002002714954337,258.3074150523885,0.0,0.0,0,0,3.11859230350819e-6
8000,16,16,16,0,0,0,0,0.6879205455152414,0.9898161946413182,0.86319769694525625,0.004064075018309097,0.48833274515454299,0.000595525485702,254.07312503693623,0.0,0.0,0,0,2.31853914556268e-6
9000,16,16,16,0,0,0,0,0.7060841228974444,0.913441730531604001,0.89319583508148597,0.009131210461786,0.03849558054399471,0.002239399507693,235.42062379539,0.0,0.0,0,0,3.20387107421993e-6
10000,16,16,16,0,0,0,0,0.7041042581978739,0.950870861669476,0.801946438482006485,0.037260851663193146,0.6610379388374453,0.0026446407249772,182.97057942891496,0.0,0.0,0,0,4.28756629844429e-6
11000,16,16,16,0,0,0,0,0.653882438482336,0.979765507363605,0.9906876351333633,0.02335100968058734,0.6919935594564274,0.000707524196836,161.16411810007267,0.0,0.0,0,0,3.91695789403457e-6
12000,16,15,16,0,0,0,0,0.7414714585775377,0.915278529433198,0.923793353195206,0.044408993084174,0.7395818639535372,0.002578776717834,158.96107939368338,0.0,0.0,0,0,5.54701125565771e-6
13000,16,16,16,0,0,0,0,0.665951136458363,0.71526945897157725,0.97835711627563331,0.024075735717115804,0.7731936549298432,0.001443235942777,200.89090349600644,0.0,0.0,0,0,6.51605398616084e-6
14000,16,16,16,0,0,0,0,0.6545529652620913,0.94438629766664768,0.910893629323176,0.016929082030863074,0.497639742524195,0.003556242842462,208.61305498657012,0.0,0.0,0,0,9.57121460487542e-6
15000,16,16,16,0,0,0,0,0.67936101099036685,1.0,0.82105696951833416,0.06491383014941301,0.973782186903889,0.00086402837385,228.63487223184129,0.0,0.0,0,0,1.40372740133898e-5
16000,16,16,16,0,0,0,0,0.6590621744247444,0.970422605603199,1.0,0.002970289406818,0.8637396747356931,0.000853312267247,263.17577948741064,0.0,0.0,0,0,1.49098966630845e-5
17000,16,16,16,0,0,0,0,0.6571502172287787,0.9178877900586871,0.966534102558407,0.0,0.8726110618731992,0.000972581058699,267.2434287631735,0.0,0.0,0,0,1.45635981425585e-5
18000,16,16,16,0,0,0,0,0.65,0.8892778683394555,0.98675278104690509,0.036720074345693,0.71236569164244736,0.002060604602973,194.12423618696283,0.0,0.0,0,0,1.52351824453945e-5
19000,16,16,16,0,0,0,0,0.6591368723071818,0.983401402787958,0.590847850026026,0.009294927644215,0.3989506466896045,0.001508607875644,215.07155545525004,0.0,0.0,0,0,2.04873201710143e-5
20000,13,10,13,0,0,0,0,0.748867631370247543,0.913224688264897,0.994173287900174,0.0899017572661118,0.028279152135996,0.000688197776751,112.98701597551116,0.0,0.0,0,0,2.04705339683642e-5
21000,15,12,15,0,0,0,0,0.65,0.9579895703477735,0.883315975707078,0.034676046530658393,0.2179528519930099,0.003507533771189,141.55464900166513,0.0,0.0,0,0,2.56474783100202e-5
22000,16,16,16,0,0,0,0,0.65,0.9717833371701571,0.7889037561188005,0.1332636381766124,0.13986308857885335,0.002501375754561,151.99353854158514,0.0,0.0,0,0,3.20212940323472e-5
23000,16,16,16,0,0,0,0,0.6594895902003114,0.7858246966012868,0.8856122676150928,0.007789056282392263,0.20841587401387094,0.001473118359162204,216.8221949658028,0.0,0.0,0,9,3.30544273765554e-5
24000,16,16,16,0,0,0,0,0.6933257696960707,0.9991306443666716,0.9115157641449548,0.035861678746464513,0.0867314140008443,0.001675302153777,252.152583906825981,0.0,0.0,0,9,3.63562253369309e-5
25000,16,16,16,0,0,0,0,0.66927261142082175,0.84632600883689051,0.924593121958241503,0.005763065024169,0.0996918338126,0.000896626294571,293.6185881753455,0.0,0.0,0,9,2.73759974334098e-5
26000,16,16,16,0,0,0,0,0.6521521057765708,0.989661189533612,0.937892870644989,0.04683450233695774,0.7182206982775687,0.002673128305134,274.9367404314704,0.0,0.0,0,9,2.67216773863765e-5
27000,16,16,16,0,0,0,0,0.6783173199324484,0.993448362149972652,0.924140282989545,0.000434745222533,0.41111222744319216,0.000821817586760188,245.638368013303619,0.0,0.0,0,9,2.72461074928287e-5
28000,16,16,16,0,0,0,0,0.65,0.915309315900927877,0.82931126278047991,0.010774274126987,0.0935306877314722,0.000946359751562,186.6885827391392,0.0,0.0,0,9,2.82037683518865e-5
29000,9,15,9,0,0,0,0,0.7119153215294309,0.9549129672883604,0.9693019194311004,0.06441589454829193,0.1579739201754831,0.001300366983974674,119.470589382190667038,0.0,0.0,0,9,2.78660303365541e-5
30000,16,16,16,0,0,0,0,0.65,0.86655536294475,0.8182030185359546,0.2526993592766576,0.26922663800941153,0.001472772031231,174.06448240659932,0.0,0.0,0,9,2.6666538929021e-5
31000,16,14,16,0,0,0,0,0.667130017496706,0.916354079216883,0.7649090462368486,0.021527434312518423,0.9406988070247222,0.001533006220374,165.8118513816327,0.0,0.0,0,9,3.2174662237594e-5
32000,16,16,16,0,0,0,0,0.6763880873021149,1.0,0.98729361553457267,0.003132282971,0.8248842753380933,0.000262040990807,213.422322753527567,0.0,0.0,0,9,3.89656315746834e-5
33000,16,16,16,0,0,0,0,0.6668569804327362,0.979258270513852124,0.8450048721707448,0.01288573635597049,0.4019798421589561,0.000538098310969,274.7542632579922,0.0,0.0,0,9,4.37640626387292e-5
34000,16,16,16,0,0,0,0,0.70695108098962862,0.997216445906654,0.993657621643347,0.03519675693251043,0.2857847317241988,0.000750859684817,262.91860327669986,0.0,0.0,0,9,3.69024235169491e-5
35000,16,16,16,0,0,0,0,0.65,0.802961894568504,0.79195538269819483,0.005241520765816,0.118359488398004,0.001668466897845,232.25663014302347,0.0,0.0,0,9,3.67590123460104e-5
36000,16,16,16,0,0,0,0,0.6564379607191021,0.9653571301649126,0.9879104400099768,0.061887562883965,0.811896984034169477,0.000576494451417,171.91029799403825,0.0,0.0,0,9,4.71985848662371e-5
37000,16,16,16,0,0,0,0,0.7258204654143753,0.880203357990926,0.8077717221415472,0.010923601800074616,0.35417787748024643,0.000795128370613,212.146924625707129,0.0,0.0,0,9,5.10000804752053e-5
38000,16,16,16,0,0,0,0,0.6569342037654642,0.964221449934981,0.679730503655844842,0.06688092383876486,0.040442081436721,0.002002679718693,162.32783172280637,0.0,0.0,0,9,5.02770324146695e-5
39000,14,16,14,0,0,0,0,0.6580361549107793,0.954941604010002,0.931285825181154,0.01967231257537288,0.07995304428890289,0.000334712571433,144.10774441514363,0.0,0.0,0,9,2.18962416056456e-5
40000,16,16,16,0,0,0,0,0.65,0.874395785885116,0.9983618835491882,0.0107126902782883,0.1300088392905932,0.000383219557102,205.0188725977049,0.0,0.0,0,9,2.68474809672625e-6
41000,16,16,16,0,0,0,0,0.682840199736105457,0.962888578095887,0.637210847924096,0.009834468773489,0.08873619507101184,0.001742291402964,199.23714821467925,0.0,0.0,0,9,-2.50350585702108e-5
42000,16,16,16,0,0,0,0,0.7149801380242129,0.9331827638396913,0.8968240930134543,0.049190355789470654,0.6789686450990704,0.001515828973317,251.81872004284173,0.0,0.0,0,9,-2.72108707122243e-5
43000,16,16,16,0,0,0,0,0.65,0.9912784319833287,0.9423789034822857,0.022311850502301,0.6767917771948465,0.001061604034078051,241.97398313764887,0.0,0.0,0,9,-2.77019209988794e-5
44000,16,16,16,0,0,0,0,0.7335876226623951,0.985944520521883127,0.907431917717416,0.026547132620843,0.7707780676068636,0.001226931917182,289.89797928841153,0.0,0.0,0,9,-4.06338194807176e-5
45000,16,16,16,0,0,0,0,0.6996241050371081,0.92339182333154213,0.9374520500569849,0.048108107814616,0.4501360484418164,0.001989264388629,235.52246294413453,0.0,0.0,0,9,-5.02030836742051e-5
46000,16,16,16,0,0,0,0,0.6826880700693411,0.927000406355132,0.9993246977186413,0.030806853077750115,0.1592041093098019,0.000821159608121,214.74063827603888,0.0,0.0,0,9,-4.61356014511694e-5
47000,16,16,16,0,0,0,0,0.6974544605543626,0.8769368604994085,0.95352357223980295,0.01882485799529816,0.512274715892167,0.000997168963442859,180.312739715768771,0.0,0.0,0,9,-4.62146349491377e-5
48000,16,16,16,0,0,0,0,0.6653478016836791,0.923590431638802,0.941215824272119,0.00954921620783825,0.12360734348260192,0.000814389642359,143.68389938172115,0.0,0.0,0,9,-5.66487844935182e-5
49000,16,16,16,0,0,0,0,0.6669516561262551,0.87288202590629531,0.8888036733403817,0.008612833104381728,0.5029809921295294,0.002298442570027,159.31145043189838,0.0,0.0,0,9,-7.3188384135392e-5
50000,16,16,16,0,0,0,0,0.661379398138765,0.947569111438267,0.8902768970356682,0.0,0.976442662824151,0.000781724216976,187.399038475017619,0.0,0.0,0,9,-7.96148814288244e-5
51000,16,16,16,0,0,0,0,0.670752174118977162,0.979663396389998,0.9014607464575491,0.06259657719386582,0.96327488431114467,0.001097283765425573,202.756111329965933,0.0,0.0,0,9,-0.000101977069789
52000,16,16,16,0,0,0,0,0.6729067154209627,0.95377262737218889,0.91747043307194,0.02323574798704859,0.7627846059886666,0.001277675504451,232.4349025300141,0.0,0.0,0,9,-0.000119724332535
53000,16,16,16,0,0,0,0,0.65,0.982997387388254,0.9977715594525316,0.020097413994417,0.428672255737089,0.000442266070201,242.152134862497974,0.0,0.0,0,9,-0.000125020772657
54000,16,16,16,0,0,0,0,0.656040126044415,0.9185879980002476,0.7808250866415096,0.0169665923355923,0.2739472883483148,0.000780437137238421,253.5262330260953,0.0,0.0,0,9,-0.000133758450829
55000,16,16,16,0,0,0,0,0.6845421025643788,0.8983725308647251,0.906032514907435,0.013106002646082084,0.3791190544083337,0.000705287724879,182.326202646911526,0.0,0.0,0,9,-0.000140798443681
56000,16,16,16,0,0,0,0,0.81357262266039516,0.9413424176030526,0.921116033913156,0.06618203421131803,0.003684514097722488,0.00043329060259,180.6677631732738,0.0,0.0,0,9,-0.000161636334838
57000,16,16,16,0,0,0,0,0.6694207497279723,1.0,0.8748838406069595,0.02787318558333124,0.19248236495744544,0.002406807244093,147.6662512360386,0.0,0.0,0,9,-0.000164605355167
58000,16,16,16,0,0,0,0,0.68156025226491526,0.9899981114501124,0.8617594972139965,0.017338955883560216,0.1729053650251149,0.003956249376029,159.541292551674985,0.0,0.0,0,9,-0.000160950499208
59000,16,16,16,0,0,0,0,0.7086536904676603,0.9628019721483824,0.98036949041689248,0.0,0.0,0.000949472012967,206.05426534407774852,0.0,0.0,0,9,-0.000164992911095
60000,16,16,16,0,0,0,0,0.663755670121850371,0.93489842761070427,0.895225467801665,0.01598189293033531,0.102213400413381627,0.001707252496664296,226.511860583066948,0.0,0.0,0,9,-0.000154437595029
61000,16,16,16,0,0,0,0,0.6901423745369271,0.9176987462154118,0.95065489737999389,0.025604059783557,0.1634587957241846,0.005370081990192039,239.11095933999604,0.0,0.0,0,9,-0.000147964725784
62000,16,16,16,0,0,0,0,0.6816667927779103,0.951726837784856,0.9130142535367117,0.003251777433442,0.246194570104682197,0.000611060669135221,256.4976015661457,0.0,0.0,0,9,-0.000155702839265
63000,16,16,16,0,0,0,0,0.7296887178692449,0.9445931551440584,0.6840141467461429,0.004405141685346673,0.191104097781285631,0.003998473249487293,256.56132642609117056,0.0,0.0,0,9,-0.000160717884228
64000,16,16,16,0,0,0,0,0.655788760332432,0.931645702695309,0.938272298134059,0.009200554318353786,0.0167351919192519,0.000979117750026,205.451901336239786,0.0,0.0,0,9,-0.000169846569179
65000,16,16,16,0,0,0,0,0.6654844718348628,0.680123470396792,0.983539465593891,0.004340651408927809,0.0698695604549113,0.000405182075893,177.1487975126597,0.0,0.0,0,9,-0.000175585813849
66000,16,14,16,0,0,0,0,0.7400706242582159,1.0,0.8019238179353639,0.035517793929911123,0.1728354963859709,0.00078289622584713,141.73826258470922,0.0,0.0,0,9,-0.000182921352234
67000,13,16,13,0,0,0,0,0.7246365316630225,0.95764598856842706,0.983766505421818671,0.024722403701731194,0.7253986921742481,0.000553655111857,169.46783894113136,0.0,0.0,0,9,-0.000194223791027
68000,16,15,16,0,0,0,0,0.66314004731408325,0.9604436088131942,0.969134409981377,0.002301154655545,0.99935586519975,0.000447244833242,170.90092648554258,0.0,0.0,0,9,-0.000215232995629
69000,16,16,16,0,0,0,0,0.6845841536074337,0.948368592235431,0.836335730527684,0.004877378990350933,0.6967840503271594,0.002264299498672,249.175574740669958,0.0,0.0,0,9,-0.000227642831533
70000,16,16,16,0,0,0,0,0.7311913385858253,0.976814109238244,0.997931446432104,0.0,0.6159320461786967,0.000618879460594,251.6068570877142,0.0,0.0,0,9,-0.000218250604576
71000,16,16,16,0,0,0,0,0.6723818252532658,0.925559412195142,0.849057619351455,0.028709944852958408,0.399208857221161,0.001997803635666377,208.0381232180085362,2.6191678956108664,0.0,0,14,-0.000223347661176
72000,16,16,16,0,0,0,0,0.65,0.9707281650336125,0.9619913551295136,0.012879231982342542,0.2785325867098443,0.001610771346821,250.4019378682102,0.0,0.0,0,18,-0.000211659185197
73000,16,16,16,0,0,0,0,0.6872516197301223,0.8466641404631845,0.8948352087730708,0.009044304727131642,0.017801913921629031,0.00071613326892,236.7319224513674,0.0,0.0,0,18,-0.000208526548022
74000,16,16,16,0,0,0,0,0.6613960540457144,0.7964197211165073,0.571625371025701,0.005028670560116261,0.07483321220094025,0.000817427081263,197.15250502871862182,0.0,0.0,0,18,-0.000211583207033
75000,16,16,16,0,0,0,0,0.6551866486123701,1.0,0.9796395816624347,0.005555017014758,0.05879183174427216,0.00034244107882,167.20074413544629,0.0,0.0,0,18,-0.000215730308696
76000,14,16,14,0,0,0,0,0.7199066563496464,0.962022584390837,0.90383539338828,0.04226222991676173,0.19137282751471405,0.00253370321609,175.4164741885271,0.0,0.0,0,18,-0.000228507806128
77000,16,16,16,0,0,0,0,0.7152496369095751,0.963844913182708,0.930314035539661,0.04629682512502,0.090180401028218,0.001192353614432,188.444931290597054,0.0,0.0,0,18,-0.000230926188124
78000,16,16,16,0,0,0,0,0.7003005571166522,0.9752761849953217,0.959054300477288,0.005947814279211599,0.2549750736770104,0.004608407460866969,242.6831662901678,0.0,0.0,0,18,-0.000244077818479
79000,16,16,16,0,0,0,0,0.7312075910776423,0.9287527881454455,0.9887500669996953,0.007493127851511,0.036174346326932,0.002065943543198,241.813733417223347,0.0,0.0,0,18,-0.000249169521112
80000,16,16,16,0,0,0,0,0.6931983907361974,0.949999844910577,0.9238616499285504,0.005210295251203,0.6208201719321403,0.002076346788557,252.188420173178457,0.0,0.0,0,18,-0.000255953106262
81000,16,16,16,0,0,0,0,0.672214369843581,0.941705524040249,0.9542494029133813,0.043003350894434086,0.20027671451786384,0.000516103912983,229.4345347922491,0.0,0.0,0,18,-0.000284945805106
82000,16,16,16,0,0,0,0,0.658464374905948,0.94364609244542468,1.0,0.0,0.58425926473096936,0.000238188587387,244.3946089836166,0.0,0.0,0,18,-0.0002726060643
83000,16,16,16,0,0,0,0,0.6506322535979247,0.84510460603661137,0.896790201025451,0.01256499508329,0.55813529203931616,0.001523424851204,217.468426749200574,0.0,0.0,0,18,-0.000264574232688
84000,16,16,16,0,0,0,0,0.7053825852191926,0.903013577468234,0.9205395720007546,0.00904661755405673,0.16426626486343623,0.002179851241433294,157.27773626446873,0.0,0.0,0,18,-0.000275434220612
