policy,hour,rain,tide,people_exposed,exposure_index,stored,pumped,balance_error
none,0,0,4,0,0,0,0,0
none,1,1,5,0,0,110,0,0
none,2,1,6,0,0,202,0,0
none,3,0,7,0,0,207,0,0
none,4,1,8,0,0,301,0,0
none,5,0,9,0,0,314,0,0
none,6,0,10,0,0,331,0,0
none,7,0,11,0,0,343,0,0
none,8,0,12,0,0,360,0,0
none,9,0,13,46,46,376,0,0
none,10,0,14,96,188,399,0,0
none,11,0,15,131,365,414,0,0
none,12,1,16,131,949,527,0,0
none,13,2,15,170,2340,717,0,0
none,14,3,14,378,4957,979,0,0
none,15,2,13,679,9138,1144,0,0
none,16,3,12,983,15972,1398,0,0
none,17,3,11,1329,26379,1642,0,0
none,18,3,10,1626,40703,1884,0,0
none,19,3,9,1802,59813,2121,0,0
none,20,2,8,1929,82012,2270,0,0
none,21,3,7,2086,109236,2506,0,0
none,22,2,6,2155,139561,2648,0,0
none,23,1,5,2123,170681,2693,0,0
none,24,2,4,2123,204949,2834,0,0
none,25,2,5,2202,242283,2970,0,0
none,26,0,6,2123,278067,2885,0,0
none,27,1,7,2086,314405,2897,0,0
none,28,1,8,2086,350895,2914,0,0
none,29,0,9,2027,385881,2837,0,0
none,30,0,10,2005,419415,2763,0,0
none,31,0,11,2005,451188,2689,0,0
none,32,1,12,2005,483392,2713,0,0
none,33,1,13,2005,515945,2730,0,0
none,34,1,14,2042,548980,2750,0,0
none,35,1,15,2042,582422,2766,0,0
none,36,1,16,2042,616547,2789,0,0
none,37,0,15,1987,648797,2716,0,0
none,38,1,14,2042,681649,2737,0,0
none,39,0,13,1939,712907,2659,0,0
none,40,1,12,1987,744736,2674,0,0
none,41,0,11,1902,774588,2595,0,0
none,42,1,10,1902,804897,2605,0,0
none,43,0,9,1856,833657,2524,0,0
none,44,1,8,1904,863013,2545,0,0
none,45,0,7,1794,890503,2462,0,0
none,46,1,6,1883,918250,2484,0,0
none,47,0,5,1667,944619,2408,0,0
none,48,0,4,1667,969624,2334,0,0
none,49,0,5,1624,993482,2267,0,0
none,50,1,6,1624,1017691,2284,0,0
none,51,0,7,1624,1040528,2214,0,0
none,52,0,8,1624,1062195,2141,0,0
none,53,0,9,1544,1082347,2075,0,0
none,54,1,10,1567,1102984,2100,0,0
none,55,0,11,1518,1122276,2037,0,0
none,56,1,12,1517,1142092,2069,0,0
none,57,1,13,1601,1162182,2098,0,0
none,58,1,14,1601,1183065,2128,0,0
none,59,0,15,1544,1202692,2066,0,0
none,60,2,16,1624,1224640,2221,0,0
none,61,1,15,1624,1247471,2279,0,0
none,62,1,14,1624,1271184,2334,0,0
none,63,3,13,1831,1299562,2572,0,0
none,64,3,12,2042,1333093,2809,0,0
none,65,2,11,2111,1369705,2958,0,0
none,66,1,10,2094,1407321,3012,0,0
none,67,2,9,2141,1448414,3161,0,0
none,68,1,8,2141,1490484,3213,0,0
none,69,3,7,2170,1537896,3451,0,0
none,70,3,6,2261,1590772,3682,0,0
none,71,2,5,2261,1646959,3818,0,0
none,72,2,4,2261,1706521,3948,0,0
none,73,3,5,2261,1771511,4176,0,0
none,74,1,6,2261,1836761,4175,0,0
none,75,1,7,2261,1902568,4181,0,0
none,76,1,8,2261,1968505,4187,0,0
none,77,0,9,2261,2032540,4096,0,0
none,78,1,10,2261,2096617,4101,0,0
none,79,0,11,2261,2158938,4018,0,0
none,80,1,12,2261,2221544,4027,0,0
none,81,0,13,2261,2282081,3943,0,0
none,82,0,14,2261,2340709,3860,0,0
none,83,1,15,2261,2399602,3877,0,0
none,84,0,16,2261,2456658,3798,0,0
none,85,1,15,2261,2514116,3816,0,0
none,86,0,14,2261,2569681,3736,0,0
none,87,0,13,2261,2623496,3655,0,0
none,88,1,12,2261,2677581,3663,0,0
none,89,0,11,2261,2729768,3580,0,0
none,90,1,10,2261,2782461,3596,0,0
none,91,1,9,2261,2835541,3605,0,0
none,92,1,8,2261,2888661,3609,0,0
none,93,0,7,2261,2939842,3520,0,0
none,94,0,6,2261,2989111,3430,0,0
none,95,0,5,2141,3036381,3342,0,0
none,96,0,4,2141,3081492,3260,0,0
none,97,1,5,2141,3126787,3264,0,0
none,98,0,6,2094,3170221,3185,0,0
none,99,0,7,2057,3211893,3099,0,0
none,100,1,8,2094,3253859,3106,0,0
none,101,1,9,2094,3295853,3113,0,0
none,102,1,10,2094,3337953,3123,0,0
none,103,1,11,2094,3380287,3132,0,0
none,104,1,12,2094,3422861,3145,0,0
none,105,0,13,2094,3463810,3070,0,0
none,106,1,14,2094,3504915,3093,0,0
none,107,1,15,2141,3546392,3115,0,0
none,108,2,16,2141,3590653,3259,0,0
none,109,2,15,2173,3637977,3398,0,0
none,110,3,14,2261,3690766,3635,0,0
none,111,1,13,2261,3744564,3685,0,0
none,112,1,12,2261,3799376,3724,0,0
none,113,2,11,2261,3857152,3860,0,0
none,114,3,10,2261,3920277,4089,0,0
none,115,1,9,2261,3984250,4127,0,0
none,116,2,8,2261,4051464,4257,0,0
none,117,3,7,2261,4123914,4483,0,0
none,118,1,6,2261,4197242,4526,0,0
none,119,2,5,2261,4273521,4659,0,0
none,120,3,4,2261,4355146,4889,0,0
none,121,3,5,2261,4442310,5117,0,0
none,122,0,6,2261,4527621,5017,0,0
none,123,0,7,2261,4611072,4924,0,0
none,124,1,8,2261,4694722,4931,0,0
none,125,0,9,2261,4776525,4845,0,0
none,126,0,10,2261,4856257,4759,0,0
none,127,0,11,2261,4934140,4665,0,0
none,128,1,12,2261,5011952,4677,0,0
none,129,0,13,2261,5087992,4595,0,0
none,130,1,14,2261,5164408,4600,0,0
none,131,1,15,2261,5241086,4611,0,0
none,132,0,16,2261,5315620,4526,0,0
none,133,1,15,2261,5390463,4532,0,0
none,134,0,14,2261,5463384,4445,0,0
none,135,0,13,2261,5534190,4357,0,0
none,136,1,12,2261,5605331,4367,0,0
none,137,1,11,2261,5676618,4369,0,0
none,138,0,10,2261,5745714,4274,0,0
none,139,0,9,2261,5812536,4186,0,0
none,140,1,8,2261,5879718,4189,0,0
none,141,0,7,2261,5944754,4099,0,0
none,142,1,6,2261,6009930,4108,0,0
none,143,1,5,2261,6075253,4110,0,0
none,144,0,4,2261,6138567,4016,0,0
homes,0,0,4,0,0,0,0,0
homes,1,1,5,0,0,97,21,0
homes,2,1,6,0,0,179,40,0
homes,3,0,7,0,0,182,49,0
homes,4,1,8,0,0,262,71,0
homes,5,0,9,0,0,270,83,0
homes,6,0,10,0,0,284,93,0
homes,7,0,11,0,0,288,108,0
homes,8,0,12,0,0,295,122,0
homes,9,0,13,0,0,302,136,0
homes,10,0,14,0,0,315,151,0
homes,11,0,15,0,0,321,166,0
homes,12,1,16,81,311,420,190,0
homes,13,2,15,120,1081,590,214,0
homes,14,3,14,158,2542,835,238,0
homes,15,2,13,271,4690,981,262,0
homes,16,3,12,546,8157,1212,286,0
homes,17,3,11,1235,14431,1432,310,0
homes,18,3,10,1431,23885,1650,334,0
homes,19,3,9,1626,36903,1864,358,0
homes,20,2,8,1699,52247,1989,382,0
homes,21,3,7,2005,72086,2201,406,0
homes,22,2,6,2086,94412,2320,430,0
homes,23,1,5,2031,117121,2342,454,0
homes,24,2,4,2123,142526,2459,478,0
homes,25,2,5,2086,170283,2571,502,0
homes,26,0,6,2001,195993,2463,526,0
homes,27,1,7,1972,221618,2452,550,0
homes,28,1,8,1980,247079,2447,574,0
homes,29,0,9,1950,270634,2348,598,0
homes,30,0,10,1950,292112,2251,622,0
homes,31,0,11,1813,311827,2156,646,0
homes,32,1,12,1813,331222,2158,670,0
homes,33,1,13,1795,350761,2155,694,0
homes,34,1,14,1795,370232,2153,718,0
homes,35,1,15,1795,389497,2148,742,0
homes,36,1,16,1795,408798,2150,766,0
homes,37,0,15,1765,426262,2059,790,0
homes,38,1,14,1765,443686,2059,814,0
homes,39,0,13,1703,459488,1963,838,0
homes,40,1,12,1703,474951,1959,862,0
homes,41,0,11,1637,488719,1861,886,0
homes,42,1,10,1637,502491,1853,910,0
homes,43,0,9,1507,514528,1757,934,0
homes,44,1,8,1507,526501,1759,958,0
homes,45,0,7,1427,536915,1662,982,0
homes,46,1,6,1484,547331,1665,1006,0
homes,47,0,5,1246,556361,1579,1030,0
homes,48,0,4,1019,564268,1496,1054,0
homes,49,0,5,946,571148,1421,1078,0
homes,50,1,6,946,578052,1429,1102,0
homes,51,0,7,920,583933,1349,1126,0
homes,52,0,8,796,589009,1270,1150,0
homes,53,0,9,796,593357,1201,1174,0
homes,54,1,10,846,597714,1219,1198,0
homes,55,0,11,796,601392,1151,1222,0
homes,56,1,12,796,604960,1173,1246,0
homes,57,1,13,796,608677,1193,1270,0
homes,58,1,14,846,612491,1212,1294,0
homes,59,0,15,699,615727,1145,1318,0
homes,60,2,16,872,620251,1285,1342,0
homes,61,1,15,872,625312,1329,1366,0
homes,62,1,14,877,630942,1371,1390,0
homes,63,3,13,1184,639372,1592,1414,0
homes,64,3,12,1458,651143,1809,1438,0
homes,65,2,11,1639,665241,1937,1462,0
homes,66,1,10,1648,679812,1970,1486,0
homes,67,2,9,1808,696985,2098,1510,0
homes,68,1,8,1742,714646,2132,1534,0
homes,69,3,7,1904,736889,2351,1558,0
homes,70,3,6,2064,763586,2562,1582,0
homes,71,2,5,2093,792923,2679,1606,0
homes,72,2,4,2170,824858,2789,1630,0
homes,73,3,5,2202,861618,2997,1654,0
homes,74,1,6,2202,898222,2977,1678,0
homes,75,1,7,2202,934762,2965,1702,0
homes,76,1,8,2202,971103,2952,1726,0
homes,77,0,9,2202,1005344,2841,1750,0
homes,78,1,10,2202,1039455,2826,1774,0
homes,79,0,11,2093,1071270,2725,1798,0
homes,80,1,12,2093,1102912,2716,1822,0
homes,81,0,13,2064,1132426,2614,1846,0
homes,82,0,14,2064,1159753,2513,1870,0
homes,83,1,15,2064,1187040,2513,1894,0
homes,84,0,16,1902,1212201,2416,1918,0
homes,85,1,15,1939,1237389,2416,1942,0
homes,86,0,14,1902,1260465,2318,1966,0
homes,87,0,13,1815,1281451,2221,1990,0
homes,88,1,12,1815,1302286,2214,2014,0
homes,89,0,11,1724,1321368,2117,2038,0
homes,90,1,10,1724,1340327,2117,2062,0
homes,91,1,9,1724,1359168,2111,2086,0
homes,92,1,8,1724,1377942,2100,2110,0
homes,93,0,7,1703,1394748,1999,2134,0
homes,94,0,6,1637,1409545,1898,2158,0
homes,95,0,5,1535,1422750,1802,2182,0
homes,96,0,4,1350,1434239,1714,2206,0
homes,97,1,5,1407,1445633,1707,2230,0
homes,98,0,6,1252,1455508,1623,2254,0
homes,99,0,7,1192,1464066,1538,2278,0
homes,100,1,8,1210,1472709,1539,2302,0
homes,101,1,9,1246,1481187,1540,2326,0
homes,102,1,10,1100,1489485,1540,2350,0
homes,103,1,11,1249,1497906,1540,2374,0
homes,104,1,12,1211,1506321,1542,2398,0
homes,105,0,13,1019,1513309,1465,2422,0
homes,106,1,14,1073,1520714,1482,2446,0
homes,107,1,15,1073,1528151,1496,2470,0
homes,108,2,16,1201,1537247,1627,2494,0
homes,109,2,15,1462,1548160,1749,2518,0
homes,110,3,14,1739,1562695,1968,2542,0
homes,111,1,13,1739,1578107,2001,2566,0
homes,112,1,12,1757,1593957,2024,2590,0
homes,113,2,11,1826,1612092,2144,2614,0
homes,114,3,10,1987,1634581,2357,2638,0
homes,115,1,9,1987,1657484,2379,2662,0
homes,116,2,8,2009,1682827,2492,2686,0
homes,117,3,7,2170,1712998,2702,2710,0
homes,118,1,6,2123,1743785,2729,2734,0
homes,119,2,5,2170,1777232,2848,2758,0
homes,120,3,4,2202,1815740,3063,2782,0
homes,121,3,5,2202,1859042,3275,2806,0
homes,122,0,6,2202,1900216,3159,2830,0
homes,123,0,7,2202,1939010,3052,2854,0
homes,124,1,8,2202,1977770,3043,2878,0
homes,125,0,9,2155,2014145,2942,2902,0
homes,126,0,10,2123,2048300,2840,2926,0
homes,127,0,11,2064,2080162,2730,2950,0
homes,128,1,12,2064,2111952,2727,2974,0
homes,129,0,13,2064,2141850,2629,2998,0
homes,130,1,14,2064,2171448,2619,3022,0
homes,131,1,15,2064,2200836,2615,3046,0
homes,132,0,16,1987,2228083,2516,3070,0
homes,133,1,15,1987,2255258,2507,3094,0
homes,134,0,14,1950,2280144,2407,3118,0
homes,135,0,13,1861,2302962,2307,3142,0
homes,136,1,12,1861,2325771,2305,3166,0
homes,137,1,11,1861,2348343,2294,3190,0
homes,138,0,10,1785,2368934,2188,3214,0
homes,139,0,9,1703,2387631,2090,3238,0
homes,140,1,8,1703,2405975,2082,3262,0
homes,141,0,7,1660,2422586,1984,3286,0
homes,142,1,6,1660,2439214,1984,3310,0
homes,143,1,5,1660,2455550,1976,3334,0
homes,144,0,4,1594,2469958,1876,3358,0
canal,0,0,4,0,0,0,0,0
canal,1,1,5,0,0,97,21,0
canal,2,1,6,0,0,179,40,0
canal,3,0,7,0,0,182,49,0
canal,4,1,8,0,0,262,71,0
canal,5,0,9,0,0,270,83,0
canal,6,0,10,0,0,284,93,0
canal,7,0,11,0,0,288,108,0
canal,8,0,12,0,0,295,122,0
canal,9,0,13,0,0,302,136,0
canal,10,0,14,0,0,315,151,0
canal,11,0,15,0,0,321,166,0
canal,12,1,16,81,311,420,190,0
canal,13,2,15,120,1081,590,214,0
canal,14,3,14,258,2881,834,238,0
canal,15,2,13,545,5999,984,262,0
canal,16,3,12,819,11136,1216,286,0
canal,17,3,11,1148,19263,1435,310,0
canal,18,3,10,1399,30664,1653,334,0
canal,19,3,9,1648,45949,1867,358,0
canal,20,2,8,1677,63221,1992,382,0
canal,21,3,7,1916,84770,2205,406,0
canal,22,2,6,2014,108802,2324,430,0
canal,23,1,5,2031,133445,2346,454,0
canal,24,2,4,2031,160373,2463,478,0
canal,25,2,5,2086,189771,2577,502,0
canal,26,0,6,2001,217199,2469,526,0
canal,27,1,7,2002,244545,2459,550,0
canal,28,1,8,1950,271875,2454,574,0
canal,29,0,9,1904,297236,2355,598,0
canal,30,0,10,1861,320581,2260,622,0
canal,31,0,11,1714,342144,2165,646,0
canal,32,1,12,1714,363604,2168,670,0
canal,33,1,13,1714,385185,2166,694,0
canal,34,1,14,1714,406635,2164,718,0
canal,35,1,15,1714,428151,2160,742,0
canal,36,1,16,1714,449615,2162,766,0
canal,37,0,15,1673,469371,2072,790,0
canal,38,1,14,1714,489348,2074,814,0
canal,39,0,13,1589,507483,1980,838,0
canal,40,1,12,1673,525695,1979,862,0
canal,41,0,11,1547,542474,1885,886,0
canal,42,1,10,1489,559133,1877,910,0
canal,43,0,9,1311,573967,1785,934,0
canal,44,1,8,1365,588978,1792,958,0
canal,45,0,7,1251,602571,1699,982,0
canal,46,1,6,1251,616116,1707,1006,0
canal,47,0,5,1149,628464,1625,1030,0
canal,48,0,4,992,639705,1545,1054,0
canal,49,0,5,955,650044,1474,1078,0
canal,50,1,6,955,660368,1484,1102,0
canal,51,0,7,903,669843,1409,1126,0
canal,52,0,8,825,678419,1335,1150,0
canal,53,0,9,785,686141,1270,1174,0
canal,54,1,10,825,694089,1293,1198,0
canal,55,0,11,785,701262,1228,1222,0
canal,56,1,12,785,708527,1256,1246,0
canal,57,1,13,825,715882,1278,1270,0
canal,58,1,14,825,723241,1301,1294,0
canal,59,0,15,720,729970,1238,1318,0
canal,60,2,16,825,737982,1381,1342,0
canal,61,1,15,825,746546,1427,1366,0
canal,62,1,14,872,755652,1469,1390,0
canal,63,3,13,1226,767823,1689,1414,0
canal,64,3,12,1465,783384,1907,1438,0
canal,65,2,11,1630,801371,2035,1462,0
canal,66,1,10,1630,820021,2068,1486,0
canal,67,2,9,1729,841071,2196,1510,0
canal,68,1,8,1688,862987,2231,1534,0
canal,69,3,7,1904,889097,2450,1558,0
canal,70,3,6,1972,919684,2663,1582,0
canal,71,2,5,2039,953011,2780,1606,0
canal,72,2,4,2123,988756,2891,1630,0
canal,73,3,5,2202,1029258,3100,1654,0
canal,74,1,6,2202,1069906,3081,1678,0
canal,75,1,7,2155,1110494,3069,1702,0
canal,76,1,8,2202,1151123,3057,1726,0
canal,77,0,9,2118,1189496,2946,1750,0
canal,78,1,10,2155,1227549,2933,1774,0
canal,79,0,11,2057,1263350,2833,1798,0
canal,80,1,12,2027,1298907,2825,1822,0
canal,81,0,13,2005,1332386,2724,1846,0
canal,82,0,14,1950,1363647,2624,1870,0
canal,83,1,15,1950,1394900,2623,1894,0
canal,84,0,16,1950,1424192,2527,1918,0
canal,85,1,15,1889,1453399,2528,1942,0
canal,86,0,14,1811,1480623,2431,1966,0
canal,87,0,13,1765,1506052,2336,1990,0
canal,88,1,12,1765,1531454,2328,2014,0
canal,89,0,11,1724,1554974,2232,2038,0
canal,90,1,10,1765,1578509,2234,2062,0
canal,91,1,9,1765,1601945,2228,2086,0
canal,92,1,8,1765,1625234,2217,2110,0
canal,93,0,7,1693,1646646,2116,2134,0
canal,94,0,6,1550,1666309,2016,2158,0
canal,95,0,5,1409,1684282,1924,2182,0
canal,96,0,4,1355,1700858,1840,2206,0
canal,97,1,5,1409,1717443,1838,2230,0
canal,98,0,6,1310,1732472,1758,2254,0
canal,99,0,7,1230,1746346,1673,2278,0
canal,100,1,8,1170,1759989,1675,2302,0
canal,101,1,9,1230,1773548,1677,2326,0
canal,102,1,10,1170,1786878,1679,2350,0
canal,103,1,11,1189,1800152,1679,2374,0
canal,104,1,12,1215,1813474,1683,2398,0
canal,105,0,13,1170,1825579,1606,2422,0
canal,106,1,14,1170,1837777,1622,2446,0
canal,107,1,15,1189,1850254,1637,2470,0
canal,108,2,16,1269,1864055,1767,2494,0
canal,109,2,15,1502,1879790,1891,2518,0
canal,110,3,14,1688,1899518,2111,2542,0
canal,111,1,13,1714,1920073,2145,2566,0
canal,112,1,12,1744,1941105,2170,2590,0
canal,113,2,11,1765,1964260,2289,2614,0
canal,114,3,10,1904,1991624,2502,2638,0
canal,115,1,9,1904,2019541,2525,2662,0
canal,116,2,8,1904,2049902,2640,2686,0
canal,117,3,7,2123,2084798,2852,2710,0
canal,118,1,6,2123,2120328,2879,2734,0
canal,119,2,5,2123,2158294,2998,2758,0
canal,120,3,4,2202,2201327,3213,2782,0
canal,121,3,5,2261,2249521,3426,2806,0
canal,122,0,6,2202,2295383,3310,2830,0
canal,123,0,7,2202,2339109,3203,2854,0
canal,124,1,8,2155,2382652,3194,2878,0
canal,125,0,9,2118,2423901,3094,2902,0
canal,126,0,10,2057,2463091,2993,2926,0
canal,127,0,11,2035,2500134,2884,2950,0
canal,128,1,12,2035,2537010,2881,2974,0
canal,129,0,13,2005,2571823,2784,2998,0
canal,130,1,14,2005,2606404,2775,3022,0
canal,131,1,15,2005,2640824,2771,3046,0
canal,132,0,16,2005,2673227,2673,3070,0
canal,133,1,15,1987,2705428,2664,3094,0
canal,134,0,14,1950,2735608,2563,3118,0
canal,135,0,13,1813,2763554,2462,3142,0
canal,136,1,12,1920,2791644,2460,3166,0
canal,137,1,11,1902,2819523,2448,3190,0
canal,138,0,10,1765,2845183,2342,3214,0
canal,139,0,9,1724,2868780,2246,3238,0
canal,140,1,8,1724,2892372,2237,3262,0
canal,141,0,7,1645,2914208,2139,3286,0
canal,142,1,6,1645,2935896,2140,3310,0
canal,143,1,5,1624,2957621,2132,3334,0
canal,144,0,4,1573,2977593,2033,3358,0
